{
  "IsEncrypted": false,
  "Values": {
    "FUNCTIONS_WORKER_RUNTIME": "python",
    "AzureWebJobsStorage": "UseDevelopmentStorage=true",
    "IOT_HUB_CONNECTION_STRING": "Endpoint=sb://ihsuprodlnres019dednamespace.servicebus.windows.net/;SharedAccessKeyName=iothubowner;SharedAccessKey=awb7gzO8onUcM23H13opcJnDu7q3NFX5gAIoTLVE66k=;EntityPath=iothub-ehub-gps-201711-58524294-5cf3db5279",
    "REGISTRY_MANAGER_CONNECTION_STRING": "HostName=gps-20171165.azure-devices.net;SharedAccessKeyName=service;SharedAccessKey=XRqh8xhfBr0c5vVot430jPDiaJ32PUBccAIoTEeA5kY=",
    "STORAGE_CONNECTION_STRING" : "DefaultEndpointsProtocol=https;EndpointSuffix=core.windows.net;AccountName=gpsstorage20171165;AccountKey=sJPdaZc6Z9zTjIaJt1PROevpCdZUB38JoTrtj87w9VFbP/LQYX75z97SrL81R9yV0kkMMMIlRELD+ASt+CGoVw==;BlobEndpoint=https://gpsstorage20171165.blob.core.windows.net/;FileEndpoint=https://gpsstorage20171165.file.core.windows.net/;QueueEndpoint=https://gpsstorage20171165.queue.core.windows.net/;TableEndpoint=https://gpsstorage20171165.table.core.windows.net/" 
  }
}
