{"filename":"azurite/__azurite_db_blob__.json","collections":[{"name":"$SERVICES_COLLECTION$","data":[],"idIndex":null,"binaryIndices":{},"constraints":null,"uniqueNames":["accountName"],"transforms":{},"objType":"$SERVICES_COLLECTION$","dirty":false,"cachedIndex":null,"cachedBinaryIndex":null,"cachedData":null,"adaptiveBinaryIndices":true,"transactional":false,"cloneObjects":false,"cloneMethod":"parse-stringify","asyncListeners":false,"disableMeta":false,"disableChangesApi":true,"disableDeltaChangesApi":true,"autoupdate":false,"serializableIndices":true,"disableFreeze":true,"ttl":null,"maxId":0,"DynamicViews":[],"events":{"insert":[],"update":[],"pre-insert":[],"pre-update":[],"close":[],"flushbuffer":[],"error":[],"delete":[null],"warning":[null]},"changes":[],"dirtyIds":[]},{"name":"$CONTAINERS_COLLECTION$","data":[{"accountName":"devstoreaccount1","name":"azure-webjobs-hosts","properties":{"etag":"\"0x1F75048B0514580\"","lastModified":"2026-01-13T14:07:55.882Z","leaseStatus":"unlocked","leaseState":"available","hasImmutabilityPolicy":false,"hasLegalHold":false},"meta":{"revision":0,"created":1768313275895,"version":0},"$loki":1},{"accountName":"devstoreaccount1","name":"azure-webjobs-eventhub","properties":{"etag":"\"0x24A30A8F4DEC580\"","lastModified":"2026-01-13T14:19:15.631Z","leaseStatus":"unlocked","leaseState":"available","hasImmutabilityPolicy":false,"hasLegalHold":false},"meta":{"revision":0,"created":1768313955645,"version":0},"$loki":2}],"idIndex":null,"binaryIndices":{"accountName":{"name":"accountName","dirty":false,"values":[1,0]},"name":{"name":"name","dirty":false,"values":[1,0]}},"constraints":null,"uniqueNames":[],"transforms":{},"objType":"$CONTAINERS_COLLECTION$","dirty":false,"cachedIndex":null,"cachedBinaryIndex":null,"cachedData":null,"adaptiveBinaryIndices":true,"transactional":false,"cloneObjects":false,"cloneMethod":"parse-stringify","asyncListeners":false,"disableMeta":false,"disableChangesApi":true,"disableDeltaChangesApi":true,"autoupdate":false,"serializableIndices":true,"disableFreeze":true,"ttl":null,"maxId":2,"DynamicViews":[],"events":{"insert":[],"update":[],"pre-insert":[],"pre-update":[],"close":[],"flushbuffer":[],"error":[],"delete":[null],"warning":[null]},"changes":[],"dirtyIds":[]},{"name":"$BLOBS_COLLECTION$","data":[{"deleted":false,"metadata":{"FunctionInstance":"00000000000000000000000069896E5A"},"accountName":"devstoreaccount1","containerName":"azure-webjobs-hosts","name":"locks/ubunu2004-974020543/host","properties":{"creationTime":"2026-01-13T14:07:55.922Z","lastModified":"2026-01-13T14:19:20.475Z","etag":"\"0x2702DE1DBAB77C0\"","contentLength":0,"contentType":"application/octet-stream","contentMD5":{"type":"Buffer","data":[212,29,140,217,143,0,178,4,233,128,9,152,236,248,66,126]},"blobType":"BlockBlob","leaseStatus":"locked","leaseState":"leased","serverEncrypted":true,"accessTier":"Hot","accessTierInferred":true,"accessTierChangeTime":"2026-01-13T14:07:55.922Z","leaseDuration":"fixed"},"snapshot":"","isCommitted":true,"persistency":{"id":"08776a81-4061-48e6-acb7-b24741dec88b","offset":0,"count":0},"meta":{"revision":63,"created":1768313275964,"version":0,"updated":1768314572506},"$loki":1,"leaseId":"00000000000000000000000069896E5A","leaseExpireTime":"2026-01-13T14:29:47.505Z","leaseDurationSeconds":15},{"deleted":false,"metadata":{"OWNINGHOST":"83c03722-8d70-4215-bd3a-50170c6ff5fa"},"accountName":"devstoreaccount1","containerName":"azure-webjobs-eventhub","name":"ihsuprodlnres019dednamespace.servicebus.windows.net/iothub-ehub-soil-moist-58523094-f2753f72da/$Default/1","properties":{"creationTime":"2026-01-13T14:19:16.982Z","lastModified":"2026-01-13T14:19:16.982Z","etag":"\"0x1EBC2B895FB89E0\"","contentLength":156,"contentType":"application/octet-stream","contentMD5":{"type":"Buffer","data":[157,33,201,33,83,233,133,48,28,56,184,217,237,137,220,211]},"blobType":"BlockBlob","leaseStatus":"locked","leaseState":"leased","serverEncrypted":true,"accessTier":"Hot","accessTierInferred":true,"accessTierChangeTime":"2026-01-13T14:19:16.982Z","leaseDuration":"fixed"},"snapshot":"","isCommitted":true,"persistency":{"id":"08776a81-4061-48e6-acb7-b24741dec88b","offset":84,"count":156},"leaseId":"7ce84886-0f96-48a1-9b54-5dead7d89841","leaseExpireTime":"2026-01-13T14:29:57.103Z","leaseDurationSeconds":30,"meta":{"revision":61,"created":1768313957025,"version":0,"updated":1768314567109},"$loki":4},{"deleted":false,"accountName":"devstoreaccount1","containerName":"azure-webjobs-eventhub","name":"ihsuprodlnres019dednamespace.servicebus.windows.net/iothub-ehub-soil-moist-58523094-f2753f72da/$Default/0","properties":{"creationTime":"2026-01-13T14:29:33.725Z","lastModified":"2026-01-13T14:29:33.725Z","etag":"\"0x23FB2E59FD02FE0\"","contentLength":88,"contentType":"application/octet-stream","contentMD5":{"type":"Buffer","data":[110,69,131,167,91,71,80,102,190,184,100,122,55,40,97,126]},"blobType":"BlockBlob","leaseStatus":"unlocked","leaseState":"available","serverEncrypted":true,"accessTier":"Hot","accessTierInferred":true,"accessTierChangeTime":"2026-01-13T14:29:33.725Z"},"snapshot":"","isCommitted":true,"persistency":{"id":"08776a81-4061-48e6-acb7-b24741dec88b","offset":3264,"count":88},"meta":{"revision":1,"created":1768314573772,"version":0,"updated":1768314573816},"$loki":25}],"idIndex":[1,4,25],"binaryIndices":{"accountName":{"name":"accountName","dirty":false,"values":[2,0,1]},"containerName":{"name":"containerName","dirty":false,"values":[2,1,0]},"name":{"name":"name","dirty":false,"values":[2,1,0]},"snapshot":{"name":"snapshot","dirty":false,"values":[2,0,1]}},"constraints":null,"uniqueNames":[],"transforms":{},"objType":"$BLOBS_COLLECTION$","dirty":false,"cachedIndex":null,"cachedBinaryIndex":null,"cachedData":null,"adaptiveBinaryIndices":true,"transactional":false,"cloneObjects":false,"cloneMethod":"parse-stringify","asyncListeners":false,"disableMeta":false,"disableChangesApi":true,"disableDeltaChangesApi":true,"autoupdate":false,"serializableIndices":true,"disableFreeze":true,"ttl":null,"maxId":25,"DynamicViews":[],"events":{"insert":[],"update":[],"pre-insert":[],"pre-update":[],"close":[],"flushbuffer":[],"error":[],"delete":[null],"warning":[null]},"changes":[],"dirtyIds":[]},{"name":"$BLOCKS_COLLECTION$","data":[],"idIndex":null,"binaryIndices":{"accountName":{"name":"accountName","dirty":false,"values":[]},"containerName":{"name":"containerName","dirty":false,"values":[]},"blobName":{"name":"blobName","dirty":false,"values":[]},"name":{"name":"name","dirty":false,"values":[]}},"constraints":null,"uniqueNames":[],"transforms":{},"objType":"$BLOCKS_COLLECTION$","dirty":false,"cachedIndex":null,"cachedBinaryIndex":null,"cachedData":null,"adaptiveBinaryIndices":true,"transactional":false,"cloneObjects":false,"cloneMethod":"parse-stringify","asyncListeners":false,"disableMeta":false,"disableChangesApi":true,"disableDeltaChangesApi":true,"autoupdate":false,"serializableIndices":true,"disableFreeze":true,"ttl":null,"maxId":0,"DynamicViews":[],"events":{"insert":[],"update":[],"pre-insert":[],"pre-update":[],"close":[],"flushbuffer":[],"error":[],"delete":[null],"warning":[null]},"changes":[],"dirtyIds":[]}],"databaseVersion":1.5,"engineVersion":1.5,"autosave":true,"autosaveInterval":5000,"autosaveHandle":null,"throttledSaves":true,"options":{"autosave":true,"autosaveInterval":5000,"serializationMethod":"normal","destructureDelimiter":"$<\n"},"persistenceMethod":"fs","persistenceAdapter":null,"verbose":false,"events":{"init":[null],"loaded":[],"flushChanges":[],"close":[],"changes":[],"warning":[]},"ENV":"NODEJS"}