{"filename":"azurite/__azurite_db_blob_extent__.json","collections":[{"name":"$EXTENTS_COLLECTION$","data":[{"id":"08776a81-4061-48e6-acb7-b24741dec88b","locationId":"Default","path":"08776a81-4061-48e6-acb7-b24741dec88b","size":3352,"lastModifiedInMS":1768313275959,"meta":{"revision":22,"created":1768313275960,"version":0,"updated":1768314573760},"$loki":1,"LastModifyInMS":1768314573760},{"id":"bb253cf8-9e87-4f5a-a30e-086865ec94cb","locationId":"Default","path":"bb253cf8-9e87-4f5a-a30e-086865ec94cb","size":240,"lastModifiedInMS":1768313956788,"meta":{"revision":1,"created":1768313956788,"version":0,"updated":1768313957023},"$loki":2,"LastModifyInMS":1768313957023}],"idIndex":[1,2],"binaryIndices":{"id":{"name":"id","dirty":false,"values":[0,1]}},"constraints":null,"uniqueNames":[],"transforms":{},"objType":"$EXTENTS_COLLECTION$","dirty":false,"cachedIndex":null,"cachedBinaryIndex":null,"cachedData":null,"adaptiveBinaryIndices":true,"transactional":false,"cloneObjects":false,"cloneMethod":"parse-stringify","asyncListeners":false,"disableMeta":false,"disableChangesApi":true,"disableDeltaChangesApi":true,"autoupdate":false,"serializableIndices":true,"disableFreeze":true,"ttl":null,"maxId":2,"DynamicViews":[],"events":{"insert":[],"update":[],"pre-insert":[],"pre-update":[],"close":[],"flushbuffer":[],"error":[],"delete":[null],"warning":[null]},"changes":[],"dirtyIds":[]}],"databaseVersion":1.5,"engineVersion":1.5,"autosave":true,"autosaveInterval":5000,"autosaveHandle":null,"throttledSaves":true,"options":{"autosave":true,"autosaveInterval":5000,"serializationMethod":"normal","destructureDelimiter":"$<\n"},"persistenceMethod":"fs","persistenceAdapter":null,"verbose":false,"events":{"init":[null],"loaded":[],"flushChanges":[],"close":[],"changes":[],"warning":[]},"ENV":"NODEJS"}