{
  "IsEncrypted": false,
  "Values": {
    "FUNCTIONS_WORKER_RUNTIME": "python",
    "AzureWebJobsStorage": "UseDevelopmentStorage=true",
    "IOT_HUB_CONNECTION_STRING": "Endpoint=sb://ihsuprodlnres019dednamespace.servicebus.windows.net/;SharedAccessKeyName=iothubowner;SharedAccessKey=yKo3T9eqhZJ5Zmf5/X79Dg1zdaANjM9mbAIoTHyB0jw=;EntityPath=iothub-ehub-hub2017116-58532894-91688d9eef",
    "REGISTRY_MANAGER_CONNECTION_STRING": "HostName=hub20171165.azure-devices.net;SharedAccessKeyName=service;SharedAccessKey=7j1f63iro3el68mTzFvTdrvp4f54pZ028AIoTLMp+s8="
  }
}
