{"filename":"/home/ubuntu/Desktop/Estudo/gps2/azurite/__azurite_db_blob__.json","collections":[{"name":"$SERVICES_COLLECTION$","data":[],"idIndex":null,"binaryIndices":{},"constraints":null,"uniqueNames":["accountName"],"transforms":{},"objType":"$SERVICES_COLLECTION$","dirty":false,"cachedIndex":null,"cachedBinaryIndex":null,"cachedData":null,"adaptiveBinaryIndices":true,"transactional":false,"cloneObjects":false,"cloneMethod":"parse-stringify","asyncListeners":false,"disableMeta":false,"disableChangesApi":true,"disableDeltaChangesApi":true,"autoupdate":false,"serializableIndices":true,"disableFreeze":true,"ttl":null,"maxId":0,"DynamicViews":[],"events":{"insert":[],"update":[],"pre-insert":[],"pre-update":[],"close":[],"flushbuffer":[],"error":[],"delete":[null],"warning":[null]},"changes":[],"dirtyIds":[]},{"name":"$CONTAINERS_COLLECTION$","data":[{"accountName":"devstoreaccount1","name":"azure-webjobs-hosts","properties":{"etag":"\"0x1C19EA2F15FD490\"","lastModified":"2026-01-14T18:39:06.537Z","leaseStatus":"unlocked","leaseState":"available","hasImmutabilityPolicy":false,"hasLegalHold":false},"meta":{"revision":0,"created":1768415946548,"version":0},"$loki":1},{"accountName":"devstoreaccount1","name":"azure-webjobs-eventhub","properties":{"etag":"\"0x22A2BE0FF75B320\"","lastModified":"2026-01-14T20:10:50.424Z","leaseStatus":"unlocked","leaseState":"available","hasImmutabilityPolicy":false,"hasLegalHold":false},"meta":{"revision":0,"created":1768421450426,"version":0},"$loki":2}],"idIndex":null,"binaryIndices":{"accountName":{"name":"accountName","dirty":false,"values":[1,0]},"name":{"name":"name","dirty":false,"values":[1,0]}},"constraints":null,"uniqueNames":[],"transforms":{},"objType":"$CONTAINERS_COLLECTION$","dirty":false,"cachedIndex":null,"cachedBinaryIndex":null,"cachedData":null,"adaptiveBinaryIndices":true,"transactional":false,"cloneObjects":false,"cloneMethod":"parse-stringify","asyncListeners":false,"disableMeta":false,"disableChangesApi":true,"disableDeltaChangesApi":true,"autoupdate":false,"serializableIndices":true,"disableFreeze":true,"ttl":null,"maxId":2,"DynamicViews":[],"events":{"insert":[],"update":[],"pre-insert":[],"pre-update":[],"close":[],"flushbuffer":[],"error":[],"delete":[null],"warning":[null]},"changes":[],"dirtyIds":[]},{"name":"$BLOBS_COLLECTION$","data":[{"deleted":false,"metadata":{"FunctionInstance":"00000000000000000000000069896E5A"},"accountName":"devstoreaccount1","containerName":"azure-webjobs-hosts","name":"locks/ubunu2004-1621628739/host","properties":{"creationTime":"2026-01-14T18:39:06.559Z","lastModified":"2026-01-14T20:12:28.491Z","etag":"\"0x21EEE8345C7F080\"","contentLength":0,"contentType":"application/octet-stream","contentMD5":{"type":"Buffer","data":[212,29,140,217,143,0,178,4,233,128,9,152,236,248,66,126]},"blobType":"BlockBlob","leaseStatus":"locked","leaseState":"leased","serverEncrypted":true,"accessTier":"Hot","accessTierInferred":true,"accessTierChangeTime":"2026-01-14T18:39:06.559Z","leaseDuration":"fixed"},"snapshot":"","isCommitted":true,"persistency":{"id":"916e18a1-3eb2-4f37-bef6-fcba4978dcd8","offset":0,"count":0},"meta":{"revision":24,"created":1768415946580,"version":0,"updated":1768421656527},"$loki":1,"leaseId":"00000000000000000000000069896E5A","leaseExpireTime":"2026-01-14T20:14:31.525Z","leaseDurationSeconds":15},{"deleted":false,"metadata":{"OWNINGHOST":"41a9eff4-c889-4815-9a36-caa7ef72ceae"},"accountName":"devstoreaccount1","containerName":"azure-webjobs-eventhub","name":"ihsuprodlnres019dednamespace.servicebus.windows.net/iothub-ehub-hub2017116-58536134-86cc2ea02f/$Default/1","properties":{"creationTime":"2026-01-14T20:12:24.448Z","lastModified":"2026-01-14T20:12:24.448Z","etag":"\"0x23EC8F2D076D360\"","contentLength":156,"contentType":"application/octet-stream","contentMD5":{"type":"Buffer","data":[160,60,239,161,202,0,146,174,36,195,139,102,33,9,39,127]},"blobType":"BlockBlob","leaseStatus":"locked","leaseState":"leased","serverEncrypted":true,"accessTier":"Hot","accessTierInferred":true,"accessTierChangeTime":"2026-01-14T20:12:24.448Z","leaseDuration":"fixed"},"snapshot":"","isCommitted":true,"persistency":{"id":"916e18a1-3eb2-4f37-bef6-fcba4978dcd8","offset":801,"count":156},"leaseId":"a76a6263-afff-4b9a-86a4-afa23a45ce6a","leaseExpireTime":"2026-01-14T20:14:44.405Z","leaseDurationSeconds":30,"meta":{"revision":11,"created":1768421544463,"version":0,"updated":1768421654410},"$loki":9},{"deleted":false,"metadata":{"OWNINGHOST":"41a9eff4-c889-4815-9a36-caa7ef72ceae"},"accountName":"devstoreaccount1","containerName":"azure-webjobs-eventhub","name":"ihsuprodlnres019dednamespace.servicebus.windows.net/iothub-ehub-hub2017116-58536134-86cc2ea02f/$Default/0","properties":{"creationTime":"2026-01-14T20:14:18.947Z","lastModified":"2026-01-14T20:14:18.947Z","etag":"\"0x2312A02F6EB0460\"","contentLength":160,"contentType":"application/octet-stream","contentMD5":{"type":"Buffer","data":[254,74,1,239,255,170,159,135,100,154,191,211,132,16,195,6]},"blobType":"BlockBlob","leaseStatus":"locked","leaseState":"leased","serverEncrypted":true,"accessTier":"Hot","accessTierInferred":true,"accessTierChangeTime":"2026-01-14T20:14:18.947Z","leaseDuration":"fixed"},"snapshot":"","isCommitted":true,"persistency":{"id":"916e18a1-3eb2-4f37-bef6-fcba4978dcd8","offset":1437,"count":160},"leaseId":"dad7ef2e-2aa2-458b-a724-a4741f896599","leaseExpireTime":"2026-01-14T20:14:44.401Z","leaseDurationSeconds":30,"meta":{"revision":0,"created":1768421658959,"version":0},"$loki":13}],"idIndex":[1,9,13],"binaryIndices":{"accountName":{"name":"accountName","dirty":false,"values":[2,0,1]},"containerName":{"name":"containerName","dirty":false,"values":[2,1,0]},"name":{"name":"name","dirty":false,"values":[2,1,0]},"snapshot":{"name":"snapshot","dirty":false,"values":[2,0,1]}},"constraints":null,"uniqueNames":[],"transforms":{},"objType":"$BLOBS_COLLECTION$","dirty":false,"cachedIndex":null,"cachedBinaryIndex":null,"cachedData":null,"adaptiveBinaryIndices":true,"transactional":false,"cloneObjects":false,"cloneMethod":"parse-stringify","asyncListeners":false,"disableMeta":false,"disableChangesApi":true,"disableDeltaChangesApi":true,"autoupdate":false,"serializableIndices":true,"disableFreeze":true,"ttl":null,"maxId":13,"DynamicViews":[],"events":{"insert":[],"update":[],"pre-insert":[],"pre-update":[],"close":[],"flushbuffer":[],"error":[],"delete":[null],"warning":[null]},"changes":[],"dirtyIds":[]},{"name":"$BLOCKS_COLLECTION$","data":[],"idIndex":null,"binaryIndices":{"accountName":{"name":"accountName","dirty":false,"values":[]},"containerName":{"name":"containerName","dirty":false,"values":[]},"blobName":{"name":"blobName","dirty":false,"values":[]},"name":{"name":"name","dirty":false,"values":[]}},"constraints":null,"uniqueNames":[],"transforms":{},"objType":"$BLOCKS_COLLECTION$","dirty":false,"cachedIndex":null,"cachedBinaryIndex":null,"cachedData":null,"adaptiveBinaryIndices":true,"transactional":false,"cloneObjects":false,"cloneMethod":"parse-stringify","asyncListeners":false,"disableMeta":false,"disableChangesApi":true,"disableDeltaChangesApi":true,"autoupdate":false,"serializableIndices":true,"disableFreeze":true,"ttl":null,"maxId":0,"DynamicViews":[],"events":{"insert":[],"update":[],"pre-insert":[],"pre-update":[],"close":[],"flushbuffer":[],"error":[],"delete":[null],"warning":[null]},"changes":[],"dirtyIds":[]}],"databaseVersion":1.5,"engineVersion":1.5,"autosave":true,"autosaveInterval":5000,"autosaveHandle":null,"throttledSaves":true,"options":{"autosave":true,"autosaveInterval":5000,"serializationMethod":"normal","destructureDelimiter":"$<\n"},"persistenceMethod":"fs","persistenceAdapter":null,"verbose":false,"events":{"init":[null],"loaded":[],"flushChanges":[],"close":[],"changes":[],"warning":[]},"ENV":"NODEJS"}