{"filename":"/home/ubuntu/Desktop/Estudo/gps2/azurite/__azurite_db_blob_extent__.json","collections":[{"name":"$EXTENTS_COLLECTION$","data":[{"id":"916e18a1-3eb2-4f37-bef6-fcba4978dcd8","locationId":"Default","path":"916e18a1-3eb2-4f37-bef6-fcba4978dcd8","size":1597,"lastModifiedInMS":1768415946578,"meta":{"revision":11,"created":1768415946578,"version":0,"updated":1768421658955},"$loki":1,"LastModifyInMS":1768421658955},{"id":"471106e5-c912-487c-a741-ca1d92e58ddc","locationId":"Default","path":"471106e5-c912-487c-a741-ca1d92e58ddc","size":324,"lastModifiedInMS":1768421451422,"meta":{"revision":2,"created":1768421451422,"version":0,"updated":1768421544280},"$loki":2,"LastModifyInMS":1768421544280}],"idIndex":[1,2],"binaryIndices":{"id":{"name":"id","dirty":false,"values":[1,0]}},"constraints":null,"uniqueNames":[],"transforms":{},"objType":"$EXTENTS_COLLECTION$","dirty":false,"cachedIndex":null,"cachedBinaryIndex":null,"cachedData":null,"adaptiveBinaryIndices":true,"transactional":false,"cloneObjects":false,"cloneMethod":"parse-stringify","asyncListeners":false,"disableMeta":false,"disableChangesApi":true,"disableDeltaChangesApi":true,"autoupdate":false,"serializableIndices":true,"disableFreeze":true,"ttl":null,"maxId":2,"DynamicViews":[],"events":{"insert":[],"update":[],"pre-insert":[],"pre-update":[],"close":[],"flushbuffer":[],"error":[],"delete":[null],"warning":[null]},"changes":[],"dirtyIds":[]}],"databaseVersion":1.5,"engineVersion":1.5,"autosave":true,"autosaveInterval":5000,"autosaveHandle":null,"throttledSaves":true,"options":{"autosave":true,"autosaveInterval":5000,"serializationMethod":"normal","destructureDelimiter":"$<\n"},"persistenceMethod":"fs","persistenceAdapter":null,"verbose":false,"events":{"init":[null],"loaded":[],"flushChanges":[],"close":[],"changes":[],"warning":[]},"ENV":"NODEJS"}