{
  "IsEncrypted": false,
  "Values": {
    "FUNCTIONS_WORKER_RUNTIME": "python",
    "AzureWebJobsStorage": "UseDevelopmentStorage=true",
    "IOT_HUB_CONNECTION_STRING": "Endpoint=sb://ihsuprodlnres019dednamespace.servicebus.windows.net/;SharedAccessKeyName=iothubowner;SharedAccessKey=IrIAlGRaQ3AauDiSZPZ1lKoRLQJruJeOSAIoTP4GLo8=;EntityPath=iothub-ehub-soil-moist-58523094-f2753f72da",
    "REGISTRY_MANAGER_CONNECTION_STRING": "HostName=soil-moisture-20171165.azure-devices.net;SharedAccessKeyName=service;SharedAccessKey=wJHT8AA3ASx2zvUtTz66bOu3vVZFomKmdAIoTNjULDg="
  }
}
