{"filename":"azurite/__azurite_db_blob_extent__.json","collections":[{"name":"$EXTENTS_COLLECTION$","data":[{"id":"441468f5-9fbe-42fd-b705-09704d078899","locationId":"Default","path":"441468f5-9fbe-42fd-b705-09704d078899","size":4717,"lastModifiedInMS":1768318510169,"meta":{"revision":31,"created":1768318510170,"version":0,"updated":1768320592687},"$loki":1,"LastModifyInMS":1768320592687},{"id":"6844fcf0-a64e-4721-9a28-ba8e830079dd","locationId":"Default","path":"6844fcf0-a64e-4721-9a28-ba8e830079dd","size":728,"lastModifiedInMS":1768319395896,"meta":{"revision":5,"created":1768319395896,"version":0,"updated":1768320512015},"$loki":2,"LastModifyInMS":1768320512015}],"idIndex":[1,2],"binaryIndices":{"id":{"name":"id","dirty":false,"values":[0,1]}},"constraints":null,"uniqueNames":[],"transforms":{},"objType":"$EXTENTS_COLLECTION$","dirty":false,"cachedIndex":null,"cachedBinaryIndex":null,"cachedData":null,"adaptiveBinaryIndices":true,"transactional":false,"cloneObjects":false,"cloneMethod":"parse-stringify","asyncListeners":false,"disableMeta":false,"disableChangesApi":true,"disableDeltaChangesApi":true,"autoupdate":false,"serializableIndices":true,"disableFreeze":true,"ttl":null,"maxId":2,"DynamicViews":[],"events":{"insert":[],"update":[],"pre-insert":[],"pre-update":[],"close":[],"flushbuffer":[],"error":[],"delete":[null],"warning":[null]},"changes":[],"dirtyIds":[]}],"databaseVersion":1.5,"engineVersion":1.5,"autosave":true,"autosaveInterval":5000,"autosaveHandle":null,"throttledSaves":true,"options":{"autosave":true,"autosaveInterval":5000,"serializationMethod":"normal","destructureDelimiter":"$<\n"},"persistenceMethod":"fs","persistenceAdapter":null,"verbose":false,"events":{"init":[null],"loaded":[],"flushChanges":[],"close":[],"changes":[],"warning":[]},"ENV":"NODEJS"}