{"filename":"azurite/__azurite_db_blob__.json","collections":[{"name":"$SERVICES_COLLECTION$","data":[],"idIndex":null,"binaryIndices":{},"constraints":null,"uniqueNames":["accountName"],"transforms":{},"objType":"$SERVICES_COLLECTION$","dirty":false,"cachedIndex":null,"cachedBinaryIndex":null,"cachedData":null,"adaptiveBinaryIndices":true,"transactional":false,"cloneObjects":false,"cloneMethod":"parse-stringify","asyncListeners":false,"disableMeta":false,"disableChangesApi":true,"disableDeltaChangesApi":true,"autoupdate":false,"serializableIndices":true,"disableFreeze":true,"ttl":null,"maxId":0,"DynamicViews":[],"events":{"insert":[],"update":[],"pre-insert":[],"pre-update":[],"close":[],"flushbuffer":[],"error":[],"delete":[null],"warning":[null]},"changes":[],"dirtyIds":[]},{"name":"$CONTAINERS_COLLECTION$","data":[{"accountName":"devstoreaccount1","name":"azure-webjobs-hosts","properties":{"etag":"\"0x1E29BC95E32BD50\"","lastModified":"2026-01-13T15:35:10.093Z","leaseStatus":"unlocked","leaseState":"available","hasImmutabilityPolicy":false,"hasLegalHold":false},"meta":{"revision":0,"created":1768318510098,"version":0},"$loki":1},{"accountName":"devstoreaccount1","name":"azure-webjobs-eventhub","properties":{"etag":"\"0x220CF6670E5E860\"","lastModified":"2026-01-13T15:49:54.589Z","leaseStatus":"unlocked","leaseState":"available","hasImmutabilityPolicy":false,"hasLegalHold":false},"meta":{"revision":0,"created":1768319394591,"version":0},"$loki":2}],"idIndex":null,"binaryIndices":{"accountName":{"name":"accountName","dirty":false,"values":[1,0]},"name":{"name":"name","dirty":false,"values":[1,0]}},"constraints":null,"uniqueNames":[],"transforms":{},"objType":"$CONTAINERS_COLLECTION$","dirty":false,"cachedIndex":null,"cachedBinaryIndex":null,"cachedData":null,"adaptiveBinaryIndices":true,"transactional":false,"cloneObjects":false,"cloneMethod":"parse-stringify","asyncListeners":false,"disableMeta":false,"disableChangesApi":true,"disableDeltaChangesApi":true,"autoupdate":false,"serializableIndices":true,"disableFreeze":true,"ttl":null,"maxId":2,"DynamicViews":[],"events":{"insert":[],"update":[],"pre-insert":[],"pre-update":[],"close":[],"flushbuffer":[],"error":[],"delete":[null],"warning":[null]},"changes":[],"dirtyIds":[]},{"name":"$BLOBS_COLLECTION$","data":[{"deleted":false,"metadata":{"FunctionInstance":"00000000000000000000000069896E5A"},"accountName":"devstoreaccount1","containerName":"azure-webjobs-hosts","name":"locks/ubunu2004-1072075775/host","properties":{"creationTime":"2026-01-13T15:35:10.109Z","lastModified":"2026-01-13T16:08:36.103Z","etag":"\"0x273DCECF64A7980\"","contentLength":0,"contentType":"application/octet-stream","contentMD5":{"type":"Buffer","data":[212,29,140,217,143,0,178,4,233,128,9,152,236,248,66,126]},"blobType":"BlockBlob","leaseStatus":"locked","leaseState":"leased","serverEncrypted":true,"accessTier":"Hot","accessTierInferred":true,"accessTierChangeTime":"2026-01-13T15:35:10.109Z","leaseDuration":"fixed"},"snapshot":"","isCommitted":true,"persistency":{"id":"441468f5-9fbe-42fd-b705-09704d078899","offset":0,"count":0},"meta":{"revision":51,"created":1768318510171,"version":0,"updated":1768320660151},"$loki":1,"leaseId":"00000000000000000000000069896E5A","leaseExpireTime":"2026-01-13T16:11:15.151Z","leaseDurationSeconds":15},{"deleted":false,"metadata":{"OWNINGHOST":"7fe3c6c6-ed21-4eb0-91bd-5ad811679ad7"},"accountName":"devstoreaccount1","containerName":"azure-webjobs-eventhub","name":"ihsuprodlnres019dednamespace.servicebus.windows.net/iothub-ehub-gps-201711-58524294-5cf3db5279/$Default/1","properties":{"creationTime":"2026-01-13T16:08:31.967Z","lastModified":"2026-01-13T16:08:31.967Z","etag":"\"0x20ECFC57C5B5580\"","contentLength":156,"contentType":"application/octet-stream","contentMD5":{"type":"Buffer","data":[15,43,148,221,228,40,132,129,71,243,253,215,188,216,252,145]},"blobType":"BlockBlob","leaseStatus":"locked","leaseState":"leased","serverEncrypted":true,"accessTier":"Hot","accessTierInferred":true,"accessTierChangeTime":"2026-01-13T16:08:31.967Z","leaseDuration":"fixed"},"snapshot":"","isCommitted":true,"persistency":{"id":"441468f5-9fbe-42fd-b705-09704d078899","offset":2641,"count":156},"leaseId":"d1bff4d7-4312-4e0e-ab29-fba0ff4c35ef","leaseExpireTime":"2026-01-13T16:11:31.913Z","leaseDurationSeconds":30,"meta":{"revision":15,"created":1768320512018,"version":0,"updated":1768320661914},"$loki":21},{"deleted":false,"metadata":{"OWNINGHOST":"7fe3c6c6-ed21-4eb0-91bd-5ad811679ad7"},"accountName":"devstoreaccount1","containerName":"azure-webjobs-eventhub","name":"ihsuprodlnres019dednamespace.servicebus.windows.net/iothub-ehub-gps-201711-58524294-5cf3db5279/$Default/0","properties":{"creationTime":"2026-01-13T16:09:52.644Z","lastModified":"2026-01-13T16:09:52.644Z","etag":"\"0x24D2D27C68304C0\"","contentLength":160,"contentType":"application/octet-stream","contentMD5":{"type":"Buffer","data":[255,42,219,174,19,89,70,106,137,215,233,241,139,130,21,248]},"blobType":"BlockBlob","leaseStatus":"locked","leaseState":"leased","serverEncrypted":true,"accessTier":"Hot","accessTierInferred":true,"accessTierChangeTime":"2026-01-13T16:09:52.644Z","leaseDuration":"fixed"},"snapshot":"","isCommitted":true,"persistency":{"id":"441468f5-9fbe-42fd-b705-09704d078899","offset":4557,"count":160},"leaseId":"6cc67af1-6dfa-4663-a4bd-795113167450","leaseExpireTime":"2026-01-13T16:11:31.911Z","leaseDurationSeconds":30,"meta":{"revision":7,"created":1768320592689,"version":0,"updated":1768320661912},"$loki":34}],"idIndex":[1,21,34],"binaryIndices":{"accountName":{"name":"accountName","dirty":false,"values":[1,2,0]},"containerName":{"name":"containerName","dirty":false,"values":[1,2,0]},"name":{"name":"name","dirty":false,"values":[2,1,0]},"snapshot":{"name":"snapshot","dirty":false,"values":[1,2,0]}},"constraints":null,"uniqueNames":[],"transforms":{},"objType":"$BLOBS_COLLECTION$","dirty":false,"cachedIndex":null,"cachedBinaryIndex":null,"cachedData":null,"adaptiveBinaryIndices":true,"transactional":false,"cloneObjects":false,"cloneMethod":"parse-stringify","asyncListeners":false,"disableMeta":false,"disableChangesApi":true,"disableDeltaChangesApi":true,"autoupdate":false,"serializableIndices":true,"disableFreeze":true,"ttl":null,"maxId":34,"DynamicViews":[],"events":{"insert":[],"update":[],"pre-insert":[],"pre-update":[],"close":[],"flushbuffer":[],"error":[],"delete":[null],"warning":[null]},"changes":[],"dirtyIds":[]},{"name":"$BLOCKS_COLLECTION$","data":[],"idIndex":null,"binaryIndices":{"accountName":{"name":"accountName","dirty":false,"values":[]},"containerName":{"name":"containerName","dirty":false,"values":[]},"blobName":{"name":"blobName","dirty":false,"values":[]},"name":{"name":"name","dirty":false,"values":[]}},"constraints":null,"uniqueNames":[],"transforms":{},"objType":"$BLOCKS_COLLECTION$","dirty":false,"cachedIndex":null,"cachedBinaryIndex":null,"cachedData":null,"adaptiveBinaryIndices":true,"transactional":false,"cloneObjects":false,"cloneMethod":"parse-stringify","asyncListeners":false,"disableMeta":false,"disableChangesApi":true,"disableDeltaChangesApi":true,"autoupdate":false,"serializableIndices":true,"disableFreeze":true,"ttl":null,"maxId":0,"DynamicViews":[],"events":{"insert":[],"update":[],"pre-insert":[],"pre-update":[],"close":[],"flushbuffer":[],"error":[],"delete":[null],"warning":[null]},"changes":[],"dirtyIds":[]}],"databaseVersion":1.5,"engineVersion":1.5,"autosave":true,"autosaveInterval":5000,"autosaveHandle":null,"throttledSaves":true,"options":{"autosave":true,"autosaveInterval":5000,"serializationMethod":"normal","destructureDelimiter":"$<\n"},"persistenceMethod":"fs","persistenceAdapter":null,"verbose":false,"events":{"init":[null],"loaded":[],"flushChanges":[],"close":[],"changes":[],"warning":[]},"ENV":"NODEJS"}