{"filename":"azurite/__azurite_db_blob__.json","collections":[{"name":"$SERVICES_COLLECTION$","data":[],"idIndex":null,"binaryIndices":{},"constraints":null,"uniqueNames":["accountName"],"transforms":{},"objType":"$SERVICES_COLLECTION$","dirty":false,"cachedIndex":null,"cachedBinaryIndex":null,"cachedData":null,"adaptiveBinaryIndices":true,"transactional":false,"cloneObjects":false,"cloneMethod":"parse-stringify","asyncListeners":false,"disableMeta":false,"disableChangesApi":true,"disableDeltaChangesApi":true,"autoupdate":false,"serializableIndices":true,"disableFreeze":true,"ttl":null,"maxId":0,"DynamicViews":[],"events":{"insert":[],"update":[],"pre-insert":[],"pre-update":[],"close":[],"flushbuffer":[],"error":[],"delete":[null],"warning":[null]},"changes":[],"dirtyIds":[]},{"name":"$CONTAINERS_COLLECTION$","data":[{"accountName":"devstoreaccount1","name":"azure-webjobs-eventhub","properties":{"etag":"\"0x23E1A5C72C84020\"","lastModified":"2026-01-14T22:37:47.644Z","leaseStatus":"unlocked","leaseState":"available","hasImmutabilityPolicy":false,"hasLegalHold":false},"meta":{"revision":0,"created":1768430267646,"version":0},"$loki":1},{"accountName":"devstoreaccount1","name":"azure-webjobs-hosts","properties":{"etag":"\"0x1F57FF21EE51000\"","lastModified":"2026-01-14T22:37:52.470Z","leaseStatus":"unlocked","leaseState":"available","hasImmutabilityPolicy":false,"hasLegalHold":false},"meta":{"revision":0,"created":1768430272471,"version":0},"$loki":2}],"idIndex":null,"binaryIndices":{"accountName":{"name":"accountName","dirty":false,"values":[1,0]},"name":{"name":"name","dirty":false,"values":[0,1]}},"constraints":null,"uniqueNames":[],"transforms":{},"objType":"$CONTAINERS_COLLECTION$","dirty":false,"cachedIndex":null,"cachedBinaryIndex":null,"cachedData":null,"adaptiveBinaryIndices":true,"transactional":false,"cloneObjects":false,"cloneMethod":"parse-stringify","asyncListeners":false,"disableMeta":false,"disableChangesApi":true,"disableDeltaChangesApi":true,"autoupdate":false,"serializableIndices":true,"disableFreeze":true,"ttl":null,"maxId":2,"DynamicViews":[],"events":{"insert":[],"update":[],"pre-insert":[],"pre-update":[],"close":[],"flushbuffer":[],"error":[],"delete":[null],"warning":[null]},"changes":[],"dirtyIds":[]},{"name":"$BLOBS_COLLECTION$","data":[{"deleted":false,"metadata":{"FunctionInstance":"00000000000000000000000069896E5A"},"accountName":"devstoreaccount1","containerName":"azure-webjobs-hosts","name":"locks/ubunu2004-2088272140/host","properties":{"creationTime":"2026-01-14T22:37:52.475Z","lastModified":"2026-01-14T23:22:26.055Z","etag":"\"0x25C5953B29B6640\"","contentLength":0,"contentType":"application/octet-stream","contentMD5":{"type":"Buffer","data":[212,29,140,217,143,0,178,4,233,128,9,152,236,248,66,126]},"blobType":"BlockBlob","leaseStatus":"locked","leaseState":"leased","serverEncrypted":true,"accessTier":"Hot","accessTierInferred":true,"accessTierChangeTime":"2026-01-14T22:37:52.475Z","leaseDuration":"fixed"},"snapshot":"","isCommitted":true,"persistency":{"id":"653c319e-cd26-44d7-9310-9536f993dc89","offset":240,"count":0},"meta":{"revision":184,"created":1768430272478,"version":0,"updated":1768432958064},"$loki":5,"leaseId":"00000000000000000000000069896E5A","leaseExpireTime":"2026-01-14T23:22:53.063Z","leaseDurationSeconds":15},{"deleted":false,"metadata":{"OWNINGHOST":"b76d20d5-927f-42fa-930d-c3b84e8ea1c9"},"accountName":"devstoreaccount1","containerName":"azure-webjobs-eventhub","name":"ihsuprodlnres019dednamespace.servicebus.windows.net/iothub-ehub-20171165hu-58537694-a54e0554c6/$Default/0","properties":{"creationTime":"2026-01-14T23:22:22.017Z","lastModified":"2026-01-14T23:22:22.017Z","etag":"\"0x268C84FB6ED74C0\"","contentLength":156,"contentType":"application/octet-stream","contentMD5":{"type":"Buffer","data":[139,87,149,188,29,126,93,157,250,25,74,206,93,0,198,43]},"blobType":"BlockBlob","leaseStatus":"locked","leaseState":"leased","serverEncrypted":true,"accessTier":"Hot","accessTierInferred":true,"accessTierChangeTime":"2026-01-14T23:22:22.017Z","leaseDuration":"fixed"},"snapshot":"","isCommitted":true,"persistency":{"id":"7a857cb4-30ef-4828-9992-3338a3f60c30","offset":1540,"count":156},"leaseId":"39662d51-4419-4c03-9001-783b3b974b92","leaseExpireTime":"2026-01-14T23:23:01.910Z","leaseDurationSeconds":30,"meta":{"revision":1,"created":1768432942037,"version":0,"updated":1768432951911},"$loki":69},{"deleted":false,"accountName":"devstoreaccount1","containerName":"azure-webjobs-eventhub","name":"ihsuprodlnres019dednamespace.servicebus.windows.net/iothub-ehub-20171165hu-58537694-a54e0554c6/$Default/1","properties":{"creationTime":"2026-01-14T23:22:35.674Z","lastModified":"2026-01-14T23:22:35.674Z","etag":"\"0x1DCDF4A15DE0BC0\"","contentLength":88,"contentType":"application/octet-stream","contentMD5":{"type":"Buffer","data":[155,56,221,158,118,2,224,85,80,69,0,201,66,81,6,20]},"blobType":"BlockBlob","leaseStatus":"unlocked","leaseState":"available","serverEncrypted":true,"accessTier":"Hot","accessTierInferred":true,"accessTierChangeTime":"2026-01-14T23:22:35.674Z"},"snapshot":"","isCommitted":true,"persistency":{"id":"653c319e-cd26-44d7-9310-9536f993dc89","offset":11100,"count":88},"meta":{"revision":1,"created":1768432955696,"version":0,"updated":1768432955710},"$loki":77}],"idIndex":[5,69,77],"binaryIndices":{"accountName":{"name":"accountName","dirty":false,"values":[0,2,1]},"containerName":{"name":"containerName","dirty":false,"values":[2,1,0]},"name":{"name":"name","dirty":false,"values":[1,2,0]},"snapshot":{"name":"snapshot","dirty":false,"values":[0,2,1]}},"constraints":null,"uniqueNames":[],"transforms":{},"objType":"$BLOBS_COLLECTION$","dirty":false,"cachedIndex":null,"cachedBinaryIndex":null,"cachedData":null,"adaptiveBinaryIndices":true,"transactional":false,"cloneObjects":false,"cloneMethod":"parse-stringify","asyncListeners":false,"disableMeta":false,"disableChangesApi":true,"disableDeltaChangesApi":true,"autoupdate":false,"serializableIndices":true,"disableFreeze":true,"ttl":null,"maxId":77,"DynamicViews":[],"events":{"insert":[],"update":[],"pre-insert":[],"pre-update":[],"close":[],"flushbuffer":[],"error":[],"delete":[null],"warning":[null]},"changes":[],"dirtyIds":[]},{"name":"$BLOCKS_COLLECTION$","data":[],"idIndex":null,"binaryIndices":{"accountName":{"name":"accountName","dirty":false,"values":[]},"containerName":{"name":"containerName","dirty":false,"values":[]},"blobName":{"name":"blobName","dirty":false,"values":[]},"name":{"name":"name","dirty":false,"values":[]}},"constraints":null,"uniqueNames":[],"transforms":{},"objType":"$BLOCKS_COLLECTION$","dirty":false,"cachedIndex":null,"cachedBinaryIndex":null,"cachedData":null,"adaptiveBinaryIndices":true,"transactional":false,"cloneObjects":false,"cloneMethod":"parse-stringify","asyncListeners":false,"disableMeta":false,"disableChangesApi":true,"disableDeltaChangesApi":true,"autoupdate":false,"serializableIndices":true,"disableFreeze":true,"ttl":null,"maxId":0,"DynamicViews":[],"events":{"insert":[],"update":[],"pre-insert":[],"pre-update":[],"close":[],"flushbuffer":[],"error":[],"delete":[null],"warning":[null]},"changes":[],"dirtyIds":[]}],"databaseVersion":1.5,"engineVersion":1.5,"autosave":true,"autosaveInterval":5000,"autosaveHandle":null,"throttledSaves":true,"options":{"autosave":true,"autosaveInterval":5000,"serializationMethod":"normal","destructureDelimiter":"$<\n"},"persistenceMethod":"fs","persistenceAdapter":null,"verbose":false,"events":{"init":[null],"loaded":[],"flushChanges":[],"close":[],"changes":[],"warning":[]},"ENV":"NODEJS"}