{"filename":"azurite/__azurite_db_blob_extent__.json","collections":[{"name":"$EXTENTS_COLLECTION$","data":[{"id":"653c319e-cd26-44d7-9310-9536f993dc89","locationId":"Default","path":"653c319e-cd26-44d7-9310-9536f993dc89","size":11188,"lastModifiedInMS":1768430268465,"meta":{"revision":77,"created":1768430268467,"version":0,"updated":1768432955690},"$loki":1,"LastModifyInMS":1768432955690},{"id":"7a857cb4-30ef-4828-9992-3338a3f60c30","locationId":"Default","path":"7a857cb4-30ef-4828-9992-3338a3f60c30","size":1696,"lastModifiedInMS":1768430268472,"meta":{"revision":14,"created":1768430268472,"version":0,"updated":1768432942028},"$loki":2,"LastModifyInMS":1768432942028}],"idIndex":[1,2],"binaryIndices":{"id":{"name":"id","dirty":false,"values":[0,1]}},"constraints":null,"uniqueNames":[],"transforms":{},"objType":"$EXTENTS_COLLECTION$","dirty":false,"cachedIndex":null,"cachedBinaryIndex":null,"cachedData":null,"adaptiveBinaryIndices":true,"transactional":false,"cloneObjects":false,"cloneMethod":"parse-stringify","asyncListeners":false,"disableMeta":false,"disableChangesApi":true,"disableDeltaChangesApi":true,"autoupdate":false,"serializableIndices":true,"disableFreeze":true,"ttl":null,"maxId":2,"DynamicViews":[],"events":{"insert":[],"update":[],"pre-insert":[],"pre-update":[],"close":[],"flushbuffer":[],"error":[],"delete":[null],"warning":[null]},"changes":[],"dirtyIds":[]}],"databaseVersion":1.5,"engineVersion":1.5,"autosave":true,"autosaveInterval":5000,"autosaveHandle":null,"throttledSaves":true,"options":{"autosave":true,"autosaveInterval":5000,"serializationMethod":"normal","destructureDelimiter":"$<\n"},"persistenceMethod":"fs","persistenceAdapter":null,"verbose":false,"events":{"init":[null],"loaded":[],"flushChanges":[],"close":[],"changes":[],"warning":[]},"ENV":"NODEJS"}